customer_id,spending
1,444.1
2,207.28
3,532.31
4,1521.78
5,184.75
6,184.76
7,1627.92
8,614.57
9,139.3
10,469.22
11,140.32
12,139.93
13,327.13
14,24.63
15,30.88
16,124.62
17,72.57
18,356.77
19,82.3
20,44.94
21,1420.52
22,186.62
23,265.35
24,44.27
25,127.32
26,279.53
27,61.49
28,384.07
29,119.01
30,172.43
31,118.86
32,2259.13
33,240.76
34,68.77
35,656.59
36,56.54
37,314.39
38,23.3
39,49.71
40,309.89
41,593.57
42,300.56
43,212.99
44,170.49
45,41.5
46,103.15
47,140.78
48,870.05
49,369.57
50,29.5
51,361.01
52,154.15
53,108.6
54,509.8
55,843.2
56,748.1
57,89.38
58,168.84
59,364.13
60,788.91
61,137.69
62,195.82
63,64.87
64,58.24
65,648.74
66,1245.74
67,224.44
68,815.86
69,377.65
70,112.83
71,377.54
72,1549.43
73,234.4
74,1599.7
75,10.55
76,656.08
77,271.63
78,170.92
79,273.18
80,22.53
81,187.99
82,375.6
83,1441.55
84,131.38
85,92.74
86,134.01
87,733.98
88,363.04
89,129.58
90,453.01
91,274.92
92,782.41
93,105.38
94,165.14
95,152.85
96,42.26
97,349.1
98,334.71
99,246.2
100,184.66
101,44.77
102,147.71
103,162.19
104,93.44
105,201.63
106,397.37
107,2352.95
108,301.72
109,333.31
110,223.78
111,24.47
112,237.03
113,263.03
114,4702.69
115,194.25
116,351.38
117,234.71
118,60.19
119,964.29
120,603.24
121,632.22
122,82.17
123,1317.32
124,45.5
125,494.84
126,3389.87
127,74.54
128,124.02
129,275.77
130,133.73
131,38.06
132,265.68
133,68.39
134,431.95
135,81.18
136,1571.71
137,95.59
138,166.26
139,649.51
140,55.87
141,321.49
142,1174.47
143,35.55
144,305.38
145,334.24
146,625.27
147,55.46
148,50.17
149,457.75
150,349.46
151,330.49
152,370.83
153,108.2
154,323.34
155,347.82
156,103.83
157,2296.01
158,432.08
159,58.58
160,538.0
161,75.97
162,629.23
163,982.71
164,91.39
165,777.47
166,401.55
167,656.2
168,2383.09
169,182.28
170,99.04
171,84.15
172,91.93
173,223.07
174,368.48
175,341.05
176,660.25
177,248.54
178,1400.02
179,178.11
180,6400.96
181,518.43
182,87.48
183,67.69
184,436.58
185,187.14
186,576.4
187,431.77
188,224.21
189,88.57
190,39.73
191,143.19
192,683.81
193,316.37
194,54.88
195,301.21
196,388.53
197,84.72
198,294.26
199,262.39
200,62.08
201,375.91
202,479.59
203,897.54
204,866.59
205,46.84
206,79.41
207,453.98
208,453.3
209,453.98
210,24916.31
211,485.45
212,955.92
213,768.78
214,534.68
215,167.62
216,608.36
217,96.8
218,184.16
219,136.67
220,269.95
221,3934.7
222,26.03
223,557.53
224,35.33
225,138.89
226,903.92
227,264.31
228,67.14
229,103.71
230,553.09
231,101.86
232,317.27
233,258.45
234,111.95
235,3205.85
236,523.59
237,21.54
238,306.05
239,110.59
240,680.56
241,94.54
242,213.22
243,448.53
244,691.53
245,57.95
246,163.79
247,138.39
248,111.72
249,2035.6
250,397.81
251,53.89
252,736.15
253,3123.12
254,844.68
255,39.52
256,136.85
257,1119.11
258,104.67
259,416.79
260,619.9
261,80.45
262,227.82
263,5.01
264,71.57
265,180.71
266,54.74
267,1735.23
268,43.98
269,144.31
270,286.26
271,1379.57
272,43.68
273,988.11
274,247.72
275,75.35
276,426.04
277,310.71
278,119.07
279,266.07
280,154.1
281,280.4
282,541.62
283,1641.26
284,55.4
285,3164.15
286,23.51
287,203.95
288,495.7
289,342.81
290,115.9
291,190.61
292,135.42
293,120.63
294,678.25
295,375.56
296,106.54
297,720.19
298,353.81
299,649.0
300,520.9
301,90.49
302,124.93
303,599.89
304,509.0
305,238.63
306,281.69
307,1133.65
308,120.32
309,471.78
310,191.98
311,188.44
312,914.64
313,658.85
314,649.51
315,1172.13
316,250.94
317,554.65
318,168.63
319,361.04
320,209.31
321,274.9
322,499.79
323,91.66
324,3013.52
325,73.17
326,57.0
327,982.14
328,632.7
329,517.47
330,520.1
331,241.12
332,83.37
333,267.99
334,108.57
335,788.51
336,205.11
337,90.87
338,166.39
339,401.62
340,124.4
341,91.23
342,327.81
343,328.31
344,133.18
345,139.04
346,323.26
347,43.05
348,45.2
349,103.32
350,189.4
351,355.34
352,1437.16
353,684.84
354,201.96
355,239.17
356,73.48
357,239.32
358,173.06
359,360.42
360,90.68
361,456.33
362,1539.61
363,214.75
364,396.25
365,560.13
366,151.19
367,320.19
368,248.42
369,275.12
370,96.77
371,252.0
372,444.79
373,1396.01
374,773.65
375,3241.59
376,97.43
377,697.0
378,304.91
379,3387.22
380,92.76
381,89.33
382,119.19
383,19.13
384,130.2
385,98.4
386,293.09
387,368.75
388,2324.84
389,765.48
390,122.45
391,83.25
392,441.56
393,50.19
394,2203.39
395,1007.6
396,139.35
397,31.32
398,1242.21
399,213.27
400,1080.72
401,36.11
402,119.19
403,246.24
404,258.88
405,142.58
406,516.68
407,67.96
408,206.26
409,282.69
410,453.65
411,574.75
412,63.46
413,38.82
414,1133.67
415,364.59
416,99.67
417,1574.01
418,281.13
419,1007.43
420,265.34
421,2901.25
422,2011.04
423,181.5
424,785.16
425,530.83
426,1264.41
427,76.87
428,557.39
429,871.41
430,29.65
431,59.15
432,21.18
433,177.1
434,578.85
435,1484.49
436,267.44
437,1727.34
438,46.71
439,31.69
440,228.91
441,387.95
442,235.28
443,20.47
444,219.87
445,51.14
446,546.54
447,379.9
448,79.21
449,132.07
450,68.64
451,226.96
452,769.83
453,74.97
454,448.03
455,129.5
456,94.5
457,215.2
458,70.65
459,125.92
460,58.12
461,2585.49
462,255.27
463,105.67
464,316.33
465,213.84
466,187.7
467,511.32
468,607.29
469,129.46
470,122.61
471,175.9
472,15.45
473,39.72
474,1261.74
475,1761.57
476,181.48
477,488.76
478,355.49
479,9844.39
480,937.76
481,209.87
482,77.74
483,35.6
484,312.36
485,98.73
486,44.4
487,112.63
488,66.83
489,1853.02
490,704.84
491,242.36
492,1445.1
493,268.5
494,87.05
495,1521.95
496,467.17
497,70.48
498,194.73
499,85.56
500,46.56
